INSERT INTO unidade_escola (id_unidade, cidade, estado, pais, predio, bloco) VALUES (0, 'da Mota de Sales', 'RS', 'Brasil', 'velit', 'l');
INSERT INTO unidade_escola (id_unidade, cidade, estado, pais, predio, bloco) VALUES (1, 'Pacheco', 'AP', 'Brasil', 'incidunt', 'i');
INSERT INTO unidade_escola (id_unidade, cidade, estado, pais, predio, bloco) VALUES (2, 'Gonçalves', 'PI', 'Brasil', 'suscipit', 'E');
INSERT INTO unidade_escola (id_unidade, cidade, estado, pais, predio, bloco) VALUES (3, 'Duarte da Prata', 'PB', 'Brasil', 'mollitia', 'w');
INSERT INTO unidade_escola (id_unidade, cidade, estado, pais, predio, bloco) VALUES (4, 'Teixeira', 'AC', 'Brasil', 'cupiditate', 'L');
INSERT INTO unidade_escola (id_unidade, cidade, estado, pais, predio, bloco) VALUES (5, 'Jesus', 'PE', 'Brasil', 'soluta', 'o');
INSERT INTO unidade_escola (id_unidade, cidade, estado, pais, predio, bloco) VALUES (6, 'Duarte do Oeste', 'PI', 'Brasil', 'animi', 'P');
INSERT INTO unidade_escola (id_unidade, cidade, estado, pais, predio, bloco) VALUES (7, 'Campos', 'DF', 'Brasil', 'reprehenderit', 's');
INSERT INTO unidade_escola (id_unidade, cidade, estado, pais, predio, bloco) VALUES (8, 'Melo das Flores', 'RO', 'Brasil', 'incidunt', 'F');
INSERT INTO unidade_escola (id_unidade, cidade, estado, pais, predio, bloco) VALUES (9, 'Moura da Prata', 'AC', 'Brasil', 'quia', 'q');
INSERT INTO usuario (id, nome, sobrenome, data_de_nascimento, "endereço", sexo, numero_de_telefone, email, senha, tipo_usuario) VALUES (1, 'João Lucas', 'Sampaio', '1994-12-26', 'Avenida Allana Rios, 39
Santa Lúcia
69420857 Monteiro de Abreu / ES', 'M', '+55 41 4304-3674', 'xpacheco@example.net', '^Z4vfTsVD8', 'Aluno');
INSERT INTO usuario (id, nome, sobrenome, data_de_nascimento, "endereço", sexo, numero_de_telefone, email, senha, tipo_usuario) VALUES (2, 'Daniela', 'Silveira', '1997-08-24', 'Praia Théo Nascimento, 91
Custodinha
59882607 Viana / CE', 'M', '+55 (071) 7220-8595', 'maria-sophia25@example.org', ')l5P+oCb%%J', 'Aluno');
INSERT INTO usuario (id, nome, sobrenome, data_de_nascimento, "endereço", sexo, numero_de_telefone, email, senha, tipo_usuario) VALUES (3, 'Nicolas', 'Barros', '1986-05-02', 'Viaduto Castro, 99
Lindéia
50148-440 Cavalcante do Sul / MS', 'M', '(041) 8522-8380', 'jose-pedromonteiro@example.org', '33EscT73(i', 'Professor');
INSERT INTO usuario (id, nome, sobrenome, data_de_nascimento, "endereço", sexo, numero_de_telefone, email, senha, tipo_usuario) VALUES (4, 'Caroline', 'Dias', '1990-11-20', 'Vereda Luiz Otávio Gonçalves, 42
Madri
24138872 da Paz do Campo / MA', 'F', '(061) 3614 3377', 'liz56@example.com', 'Am%%&8YxqH6', 'Professor');
INSERT INTO usuario (id, nome, sobrenome, data_de_nascimento, "endereço", sexo, numero_de_telefone, email, senha, tipo_usuario) VALUES (5, 'Sara', 'Carvalho', '1978-10-26', 'Trecho Garcia, 77
Piraja
97209454 da Luz de Cavalcante / PE', 'M', '+55 71 9559-0034', 'ayla11@example.com', 'D*0#zPjj!(', 'FuncionarioAdministrativo');
INSERT INTO usuario (id, nome, sobrenome, data_de_nascimento, "endereço", sexo, numero_de_telefone, email, senha, tipo_usuario) VALUES (6, 'João Vitor', 'Moura', '1998-03-24', 'Setor João Lucas Sá, 12
Vila Nova Dos Milionarios
38840-887 Freitas Verde / MA', 'F', '+55 (081) 8448 5388', 'castrorenan@example.com', '$D5iSvW3l*', 'FuncionarioAdministrativo');
INSERT INTO usuario (id, nome, sobrenome, data_de_nascimento, "endereço", sexo, numero_de_telefone, email, senha, tipo_usuario) VALUES (7, 'Oliver', 'Campos', '1983-02-05', 'Rodovia de Gonçalves, 916
Vila São Gabriel
52254-862 Rodrigues de da Cunha / ES', 'M', '0900-576-2744', 'sofiamoura@example.org', 'O#n+2LxeG(', 'Professor');
INSERT INTO usuario (id, nome, sobrenome, data_de_nascimento, "endereço", sexo, numero_de_telefone, email, senha, tipo_usuario) VALUES (8, 'Ravi Lucca', 'Macedo', '2002-06-30', 'Conjunto Aurora Correia, 36
Comiteco
25630-977 Martins de Costela / MA', 'M', '51 2695 8586', 'ferreirasara@example.net', 'pLc(R(Nr_3', 'FuncionarioAdministrativo');
INSERT INTO usuario (id, nome, sobrenome, data_de_nascimento, "endereço", sexo, numero_de_telefone, email, senha, tipo_usuario) VALUES (9, 'Enrico', 'Brito', '1997-10-19', 'Passarela Vargas, 79
Lagoinha Leblon
88920-901 Correia / PB', 'F', '+55 71 7961 9882', 'fernando43@example.org', '@94!I$qj^i', 'FuncionarioAdministrativo');
INSERT INTO usuario (id, nome, sobrenome, data_de_nascimento, "endereço", sexo, numero_de_telefone, email, senha, tipo_usuario) VALUES (10, 'Juliana', 'Moura', '1973-08-12', 'Fazenda Bianca Borges, 638
Jonas Veiga
09099-049 Brito do Norte / MA', 'M', '+55 (011) 2629 5641', 'aparecidadavi-lucca@example.net', '*BVBcvvu+4', 'Aluno');
INSERT INTO usuario (id, nome, sobrenome, data_de_nascimento, "endereço", sexo, numero_de_telefone, email, senha, tipo_usuario) VALUES (11, 'Marcela', 'Pastor', '1978-07-09', 'Condomínio de Cassiano, 32
Santa Inês
30826523 Rocha Grande / PB', 'M', '+55 (071) 7787-9117', 'vitoriasousa@example.net', 'pWJA*0cg(2', 'Aluno');
INSERT INTO usuario (id, nome, sobrenome, data_de_nascimento, "endereço", sexo, numero_de_telefone, email, senha, tipo_usuario) VALUES (12, 'Ana Lívia', 'Cardoso', '2001-10-28', 'Aeroporto Sophie Machado, 13
Santa Helena
18292-769 Cirino da Prata / AL', 'M', '11 6345 5270', 'matheus80@example.com', '^72Wv$VfXw', 'Aluno');
INSERT INTO usuario (id, nome, sobrenome, data_de_nascimento, "endereço", sexo, numero_de_telefone, email, senha, tipo_usuario) VALUES (13, 'Ana', 'Fogaça', '1986-12-31', 'Avenida de Viana, 39
Madre Gertrudes
15284412 Moura / TO', 'F', '+55 (081) 0354 2984', 'vicentemoreira@example.com', '&i6R^ql3P$', 'Aluno');
INSERT INTO usuario (id, nome, sobrenome, data_de_nascimento, "endereço", sexo, numero_de_telefone, email, senha, tipo_usuario) VALUES (14, 'Pedro', 'Dias', '1996-11-21', 'Campo Valentina Vasconcelos, 28
Grotinha
81832920 Rios / PE', 'F', '+55 (021) 4332-8008', 'vianalorena@example.com', '%%j9RchsKhG', 'Aluno');
INSERT INTO usuario (id, nome, sobrenome, data_de_nascimento, "endereço", sexo, numero_de_telefone, email, senha, tipo_usuario) VALUES (15, 'Isabella', 'Fogaça', '1968-05-02', 'Vereda Pastor, 3
Cônego Pinheiro 1ª Seção
60233939 Farias de Mendonça / CE', 'M', '+55 (041) 3370 7057', 'uoliveira@example.org', '!)aUDr6T0D', 'FuncionarioAdministrativo');
INSERT INTO usuario (id, nome, sobrenome, data_de_nascimento, "endereço", sexo, numero_de_telefone, email, senha, tipo_usuario) VALUES (16, 'Maria Júlia', 'Duarte', '1987-08-15', 'Estrada Maria Flor Vieira, 1
Conjunto Califórnia Ii
39043664 Azevedo / PE', 'F', '21 1448 1277', 'guerrapedro-lucas@example.org', '&gIPdW(D5s', 'Aluno');
INSERT INTO usuario (id, nome, sobrenome, data_de_nascimento, "endereço", sexo, numero_de_telefone, email, senha, tipo_usuario) VALUES (17, 'Ana Lívia', 'Carvalho', '1990-10-26', 'Quadra Aparecida, 88
Embaúbas
15032-925 da Cunha da Praia / AL', 'F', '+55 21 8673-2513', 'aylla91@example.org', 'Js08oLQj$e', 'Professor');
INSERT INTO usuario (id, nome, sobrenome, data_de_nascimento, "endereço", sexo, numero_de_telefone, email, senha, tipo_usuario) VALUES (18, 'Raquel', 'Nascimento', '2006-09-25', 'Praça Bento Ferreira, 40
Marajó
40088815 Gomes / SP', 'M', '41 1843-2224', 'sofia65@example.com', '9cr4pxUs@O', 'FuncionarioAdministrativo');
INSERT INTO usuario (id, nome, sobrenome, data_de_nascimento, "endereço", sexo, numero_de_telefone, email, senha, tipo_usuario) VALUES (19, 'Olívia', 'Garcia', '2001-07-21', 'Largo Monteiro, 2
Lagoa
05204055 Ribeiro / RR', 'M', '+55 41 4430-8079', 'eduardo18@example.net', '+7(S*anJoU', 'FuncionarioAdministrativo');
INSERT INTO usuario (id, nome, sobrenome, data_de_nascimento, "endereço", sexo, numero_de_telefone, email, senha, tipo_usuario) VALUES (20, 'Caroline', 'Montenegro', '1973-07-15', 'Ladeira de Lopes, 98
São Jorge 2ª Seção
55048-120 Alves de Minas / RS', 'M', '(041) 5641-1393', 'sousagabriel@example.com', '@dYsBgNqq0', 'Aluno');
INSERT INTO departamento_academico (codigo, nome, chefe_id) VALUES (1, 'Câmara e Filhos', 9);
INSERT INTO departamento_academico (codigo, nome, chefe_id) VALUES (2, 'Rocha', 6);
INSERT INTO departamento_academico (codigo, nome, chefe_id) VALUES (3, 'Melo', 6);
INSERT INTO departamento_academico (codigo, nome, chefe_id) VALUES (4, 'da Rosa', 5);
INSERT INTO departamento_academico (codigo, nome, chefe_id) VALUES (5, 'Abreu e Filhos', 8);
INSERT INTO funcionario_administrativo (usuario_id) VALUES (6);
INSERT INTO funcionario_administrativo (usuario_id) VALUES (7);
INSERT INTO funcionario_administrativo (usuario_id) VALUES (18);
INSERT INTO funcionario_administrativo (usuario_id) VALUES (16);
INSERT INTO funcionario_administrativo (usuario_id) VALUES (14);
INSERT INTO sala (id, unidade_escola, numero, capacidade) VALUES (1, 8, 11, 36);
INSERT INTO sala (id, unidade_escola, numero, capacidade) VALUES (2, 9, 9, 94);
INSERT INTO sala (id, unidade_escola, numero, capacidade) VALUES (3, 9, 42, 82);
INSERT INTO sala (id, unidade_escola, numero, capacidade) VALUES (4, 10, 11, 37);
INSERT INTO sala (id, unidade_escola, numero, capacidade) VALUES (5, 4, 21, 21);
INSERT INTO sala (id, unidade_escola, numero, capacidade) VALUES (6, 6, 23, 69);
INSERT INTO sala (id, unidade_escola, numero, capacidade) VALUES (7, 2, 17, 68);
INSERT INTO sala (id, unidade_escola, numero, capacidade) VALUES (8, 7, 20, 36);
INSERT INTO sala (id, unidade_escola, numero, capacidade) VALUES (9, 2, 7, 16);
INSERT INTO sala (id, unidade_escola, numero, capacidade) VALUES (10, 2, 17, 99);
INSERT INTO curso (id, unidade_escola, codigo, nome, departamento_academico, nivel_ensino, carga_horaria_total, numero_vagas, ementa, sala) VALUES (1, 10, 'CURSO1', 'Líder comunitário', 3, 'Fundamental', 149, 67, 'At optio quae eligendi alias inventore. Culpa expedita eligendi et.
Hic rem deleniti quo.
Hic assumenda aliquam natus natus. Libero sapiente quis rerum.', 4);
INSERT INTO curso (id, unidade_escola, codigo, nome, departamento_academico, nivel_ensino, carga_horaria_total, numero_vagas, ementa, sala) VALUES (2, 8, 'CURSO2', 'Cientista da informação e documentação', 1, 'Fundamental', 1230, 84, 'Assumenda saepe laboriosam consequuntur molestias tempora iure. Consequatur adipisci dolore libero repellendus temporibus magnam doloremque. Culpa natus reprehenderit illum.', 10);
INSERT INTO curso (id, unidade_escola, codigo, nome, departamento_academico, nivel_ensino, carga_horaria_total, numero_vagas, ementa, sala) VALUES (3, 1, 'CURSO3', 'Auditor', 2, 'Graduacao', 1000, 63, 'Exercitationem in quidem nam. Debitis repellat culpa ratione natus error at. Ipsam tempore sapiente asperiores vel temporibus.', 6);
INSERT INTO curso (id, unidade_escola, codigo, nome, departamento_academico, nivel_ensino, carga_horaria_total, numero_vagas, ementa, sala) VALUES (4, 3, 'CURSO4', 'Perito criminal', 2, 'Tecnico', 584, 73, 'Reprehenderit beatae quis magnam consequatur velit. Repellat animi est quo.', 8);
INSERT INTO curso (id, unidade_escola, codigo, nome, departamento_academico, nivel_ensino, carga_horaria_total, numero_vagas, ementa, sala) VALUES (5, 9, 'CURSO5', 'Dialoguista', 2, 'Fundamental', 1209, 96, 'Culpa minus labore aliquid sint explicabo. Vero ratione nihil inventore enim eos animi.
Hic illum alias nisi. Magnam nostrum temporibus ullam sed nihil eum.', 4);
INSERT INTO curso (id, unidade_escola, codigo, nome, departamento_academico, nivel_ensino, carga_horaria_total, numero_vagas, ementa, sala) VALUES (6, 3, 'CURSO6', 'Locutor', 1, 'Fundamental', 961, 44, 'Voluptatem nulla necessitatibus unde iure. Fugit totam ducimus sequi ducimus architecto debitis. Quos recusandae porro rem.', 8);
INSERT INTO curso (id, unidade_escola, codigo, nome, departamento_academico, nivel_ensino, carga_horaria_total, numero_vagas, ementa, sala) VALUES (7, 3, 'CURSO7', 'Engenheiro de ergonomia', 5, 'Tecnico', 102, 47, 'Iste dolores delectus libero saepe. Dolorum explicabo aspernatur earum. Amet quaerat autem quos quos laudantium officia.
Illo dicta rerum cumque inventore. Id aut sequi saepe.', 3);
INSERT INTO curso (id, unidade_escola, codigo, nome, departamento_academico, nivel_ensino, carga_horaria_total, numero_vagas, ementa, sala) VALUES (8, 2, 'CURSO8', 'Serralheiro', 2, 'Tecnico', 1497, 64, 'Iste corrupti beatae eaque. Quas sed vitae ipsum debitis occaecati quisquam. Quod minus delectus quam deleniti nemo.', 2);
INSERT INTO curso (id, unidade_escola, codigo, nome, departamento_academico, nivel_ensino, carga_horaria_total, numero_vagas, ementa, sala) VALUES (9, 5, 'CURSO9', 'Comandante', 5, 'Graduacao', 528, 23, 'Corrupti illum distinctio accusamus odio maiores in inventore. Omnis labore officia.
Non voluptatum eos numquam unde aperiam minus sint. Velit ratione iusto laboriosam officia quibusdam incidunt.', 6);
INSERT INTO curso (id, unidade_escola, codigo, nome, departamento_academico, nivel_ensino, carga_horaria_total, numero_vagas, ementa, sala) VALUES (10, 4, 'CURSO10', 'Ambulante', 3, 'Medio', 1070, 70, 'Veritatis distinctio optio delectus quis nobis. Ab ullam nesciunt quia iusto similique.', 5);
INSERT INTO disciplina (unidade_escola, id, qtd_aulas_semanais, material_didatico_basico, sala) VALUES (8, 1, 7, 'accusamus', 10);
INSERT INTO disciplina (unidade_escola, id, qtd_aulas_semanais, material_didatico_basico, sala) VALUES (8, 2, 10, 'magni', 9);
INSERT INTO disciplina (unidade_escola, id, qtd_aulas_semanais, material_didatico_basico, sala) VALUES (2, 3, 2, 'suscipit', 4);
INSERT INTO disciplina (unidade_escola, id, qtd_aulas_semanais, material_didatico_basico, sala) VALUES (3, 4, 2, 'corrupti', 10);
INSERT INTO disciplina (unidade_escola, id, qtd_aulas_semanais, material_didatico_basico, sala) VALUES (3, 5, 7, 'est', 4);
INSERT INTO disciplina (unidade_escola, id, qtd_aulas_semanais, material_didatico_basico, sala) VALUES (6, 6, 5, 'unde', 4);
INSERT INTO disciplina (unidade_escola, id, qtd_aulas_semanais, material_didatico_basico, sala) VALUES (8, 7, 1, 'pariatur', 9);
INSERT INTO disciplina (unidade_escola, id, qtd_aulas_semanais, material_didatico_basico, sala) VALUES (8, 8, 4, 'quia', 8);
INSERT INTO disciplina (unidade_escola, id, qtd_aulas_semanais, material_didatico_basico, sala) VALUES (5, 9, 3, 'ex', 10);
INSERT INTO disciplina (unidade_escola, id, qtd_aulas_semanais, material_didatico_basico, sala) VALUES (7, 10, 6, 'assumenda', 5);
INSERT INTO professor (id, area_especializacao, titulacao, unidade_escola) VALUES (1, 'Caminhoneiro', 'laborum', 1);
INSERT INTO professor (id, area_especializacao, titulacao, unidade_escola) VALUES (2, 'Ortesista', 'aspernatur', 4);
INSERT INTO professor (id, area_especializacao, titulacao, unidade_escola) VALUES (3, 'Comissário de bordo', 'aperiam', 3);
INSERT INTO professor (id, area_especializacao, titulacao, unidade_escola) VALUES (4, 'Tecnólogo em recursos pesqueiros', 'aut', 2);
INSERT INTO professor (id, area_especializacao, titulacao, unidade_escola) VALUES (5, 'Instrutor', 'hic', 3);
INSERT INTO professor (id, area_especializacao, titulacao, unidade_escola) VALUES (6, 'Vereador', 'illum', 1);
INSERT INTO professor (id, area_especializacao, titulacao, unidade_escola) VALUES (7, 'Copeiro', 'consequatur', 8);
INSERT INTO professor (id, area_especializacao, titulacao, unidade_escola) VALUES (8, 'Patologista oral', 'error', 5);
INSERT INTO professor (id, area_especializacao, titulacao, unidade_escola) VALUES (9, 'Técnico em segurança do trabalho', 'nesciunt', 8);
INSERT INTO professor (id, area_especializacao, titulacao, unidade_escola) VALUES (10, 'Ginecologista', 'recusandae', 1);
INSERT INTO aluno (usuario_id, unidade_escola) VALUES (1, 4);
INSERT INTO aluno (usuario_id, unidade_escola) VALUES (2, 10);
INSERT INTO aluno (usuario_id, unidade_escola) VALUES (3, 7);
INSERT INTO aluno (usuario_id, unidade_escola) VALUES (4, 10);
INSERT INTO aluno (usuario_id, unidade_escola) VALUES (5, 7);
INSERT INTO aluno (usuario_id, unidade_escola) VALUES (6, 7);
INSERT INTO aluno (usuario_id, unidade_escola) VALUES (7, 6);
INSERT INTO aluno (usuario_id, unidade_escola) VALUES (8, 8);
INSERT INTO aluno (usuario_id, unidade_escola) VALUES (9, 5);
INSERT INTO aluno (usuario_id, unidade_escola) VALUES (10, 5);
INSERT INTO aviso (id, texto, timestamp_criacao) VALUES (1, 'Soluta molestias dignissimos.', '2025-03-12 07:04:59.961246');
INSERT INTO aviso (id, texto, timestamp_criacao) VALUES (2, 'Ea suscipit nihil voluptates provident sint.', '2025-05-04 14:33:43.214301');
INSERT INTO aviso (id, texto, timestamp_criacao) VALUES (3, 'Neque ipsam iste necessitatibus.', '2025-01-15 17:51:38.863831');
INSERT INTO aviso (id, texto, timestamp_criacao) VALUES (4, 'Magni similique alias aliquam expedita.', '2025-04-14 05:34:50.826073');
INSERT INTO aviso (id, texto, timestamp_criacao) VALUES (5, 'Sint dolores quisquam.', '2025-01-30 23:10:03.379540');
INSERT INTO aviso (id, texto, timestamp_criacao) VALUES (6, 'Consequatur aliquid quos.', '2025-04-23 03:36:45.082501');
INSERT INTO aviso (id, texto, timestamp_criacao) VALUES (7, 'Perspiciatis tempore perspiciatis.', '2025-06-11 00:24:36.455732');
INSERT INTO aviso (id, texto, timestamp_criacao) VALUES (8, 'Aperiam neque recusandae consectetur culpa repellendus ullam.', '2025-05-22 18:45:19.626577');
INSERT INTO aviso (id, texto, timestamp_criacao) VALUES (9, 'Ullam molestiae quod nulla.', '2025-05-13 17:32:55.955720');
INSERT INTO aviso (id, texto, timestamp_criacao) VALUES (10, 'Iusto consectetur laborum omnis impedit.', '2025-06-18 03:20:22.543154');
INSERT INTO mensagem (id, remetente_id, timestamp_criacao, texto) VALUES (1, 16, '2025-05-22 20:10:05.747616', 'Soluta dolores ratione beatae nobis expedita. Incidunt fugit tenetur asperiores. Delectus repudiandae voluptates adipisci eos.
Ipsa quam architecto odit.');
INSERT INTO mensagem (id, remetente_id, timestamp_criacao, texto) VALUES (2, 17, '2025-05-23 13:19:31.365149', 'Hic quam laboriosam voluptas. Qui cumque alias aut quos. Amet iure et repellat ratione nihil ratione.
Sequi alias sed quasi ad eum illum ipsam. Possimus impedit aliquid maxime nobis modi.');
INSERT INTO mensagem (id, remetente_id, timestamp_criacao, texto) VALUES (3, 8, '2025-06-04 04:31:29.491303', 'Quia architecto reprehenderit optio cum. Tenetur maxime culpa omnis. Error sunt illo nobis aspernatur deleniti nisi consequuntur.');
INSERT INTO mensagem (id, remetente_id, timestamp_criacao, texto) VALUES (4, 2, '2025-05-11 00:11:40.064439', 'Dolor quaerat necessitatibus rerum. Quo quidem commodi incidunt doloremque. Molestias voluptatum architecto.');
INSERT INTO mensagem (id, remetente_id, timestamp_criacao, texto) VALUES (5, 1, '2025-04-10 09:41:32.450327', 'Explicabo exercitationem explicabo totam pariatur reiciendis. Dolor blanditiis reiciendis iste ex impedit consequatur.');
INSERT INTO mensagem (id, remetente_id, timestamp_criacao, texto) VALUES (6, 13, '2025-01-19 09:43:44.670367', 'Laboriosam at ullam alias impedit cum. Eaque enim laboriosam quos id omnis deleniti ducimus.');
INSERT INTO mensagem (id, remetente_id, timestamp_criacao, texto) VALUES (7, 8, '2025-01-07 13:29:55.494323', 'Doloremque cumque impedit corporis numquam. Ipsam ea possimus. Odit eaque iure maxime ducimus enim. Quae aliquid quod fuga.');
INSERT INTO mensagem (id, remetente_id, timestamp_criacao, texto) VALUES (8, 13, '2025-05-17 16:16:54.408980', 'Perspiciatis magni similique similique nobis ullam nihil. Repellat molestiae id eligendi sequi fugit provident. Est laudantium quia natus porro.');
INSERT INTO mensagem (id, remetente_id, timestamp_criacao, texto) VALUES (9, 20, '2025-02-07 12:02:28.063319', 'Quos quia doloribus exercitationem. Provident omnis veritatis facilis.
Repudiandae nobis quae vitae laudantium rem. Quisquam eveniet perspiciatis eum quasi.
Ratione nesciunt alias quaerat ipsa.');
INSERT INTO mensagem (id, remetente_id, timestamp_criacao, texto) VALUES (10, 18, '2025-02-08 03:28:32.475767', 'Tempora rem corrupti aspernatur. Quos pariatur rerum doloribus temporibus sit pariatur.
Laborum molestias exercitationem reprehenderit itaque deleniti animi. Labore commodi illo vero tempore cum.');
INSERT INTO mensagem_destinatario (mensagem_id, destinatario_id) VALUES (4, 15);
INSERT INTO mensagem_destinatario (mensagem_id, destinatario_id) VALUES (7, 1);
INSERT INTO mensagem_destinatario (mensagem_id, destinatario_id) VALUES (4, 13);
INSERT INTO mensagem_destinatario (mensagem_id, destinatario_id) VALUES (3, 19);
INSERT INTO mensagem_destinatario (mensagem_id, destinatario_id) VALUES (3, 13);
INSERT INTO mensagem_destinatario (mensagem_id, destinatario_id) VALUES (6, 8);
INSERT INTO mensagem_destinatario (mensagem_id, destinatario_id) VALUES (10, 18);
INSERT INTO mensagem_destinatario (mensagem_id, destinatario_id) VALUES (3, 16);
INSERT INTO mensagem_destinatario (mensagem_id, destinatario_id) VALUES (7, 2);
INSERT INTO mensagem_destinatario (mensagem_id, destinatario_id) VALUES (7, 16);
INSERT INTO disciplina_professor (id_disciplina, professor_id) VALUES (1, 9);
INSERT INTO disciplina_professor (id_disciplina, professor_id) VALUES (9, 10);
INSERT INTO disciplina_professor (id_disciplina, professor_id) VALUES (9, 1);
INSERT INTO disciplina_professor (id_disciplina, professor_id) VALUES (2, 8);
INSERT INTO disciplina_professor (id_disciplina, professor_id) VALUES (5, 9);
INSERT INTO disciplina_professor (id_disciplina, professor_id) VALUES (7, 10);
INSERT INTO disciplina_professor (id_disciplina, professor_id) VALUES (3, 10);
INSERT INTO disciplina_professor (id_disciplina, professor_id) VALUES (4, 6);
INSERT INTO disciplina_professor (id_disciplina, professor_id) VALUES (6, 9);
INSERT INTO disciplina_professor (id_disciplina, professor_id) VALUES (7, 6);
INSERT INTO turma (id, id_disciplina, capacidade, periodo_letivo, sala_id) VALUES (1, 9, 13, '2012-2', 9);
INSERT INTO turma (id, id_disciplina, capacidade, periodo_letivo, sala_id) VALUES (2, 7, 89, '1983-2', 2);
INSERT INTO turma (id, id_disciplina, capacidade, periodo_letivo, sala_id) VALUES (3, 3, 54, '2017-1', 1);
INSERT INTO turma (id, id_disciplina, capacidade, periodo_letivo, sala_id) VALUES (4, 6, 30, '1988-2', 2);
INSERT INTO turma (id, id_disciplina, capacidade, periodo_letivo, sala_id) VALUES (5, 5, 100, '2002-2', 6);
INSERT INTO turma (id, id_disciplina, capacidade, periodo_letivo, sala_id) VALUES (6, 8, 78, '2002-1', 7);
INSERT INTO turma (id, id_disciplina, capacidade, periodo_letivo, sala_id) VALUES (7, 7, 48, '2005-2', 9);
INSERT INTO turma (id, id_disciplina, capacidade, periodo_letivo, sala_id) VALUES (8, 2, 44, '2007-1', 2);
INSERT INTO turma (id, id_disciplina, capacidade, periodo_letivo, sala_id) VALUES (9, 4, 47, '2024-1', 9);
INSERT INTO turma (id, id_disciplina, capacidade, periodo_letivo, sala_id) VALUES (10, 9, 57, '1970-1', 3);
INSERT INTO avaliacao (id, aluno_id, disciplina_id, comentario, nota_didatica, nota_material_de_apoio, nota_relevancia_do_conteudo, nota_infraestutura) VALUES (1, 6, 5, 'Autem sequi dicta vero reprehenderit ipsam eum.', 1, 6, 3, 10);
INSERT INTO avaliacao (id, aluno_id, disciplina_id, comentario, nota_didatica, nota_material_de_apoio, nota_relevancia_do_conteudo, nota_infraestutura) VALUES (2, 8, 5, 'Ex ullam neque consectetur quibusdam odio repellendus.', 3, 9, 0, 4);
INSERT INTO avaliacao (id, aluno_id, disciplina_id, comentario, nota_didatica, nota_material_de_apoio, nota_relevancia_do_conteudo, nota_infraestutura) VALUES (3, 3, 4, 'Adipisci nisi dicta ab.', 1, 3, 10, 8);
INSERT INTO avaliacao (id, aluno_id, disciplina_id, comentario, nota_didatica, nota_material_de_apoio, nota_relevancia_do_conteudo, nota_infraestutura) VALUES (4, 4, 1, 'Suscipit ab aut minus.', 7, 6, 5, 10);
INSERT INTO avaliacao (id, aluno_id, disciplina_id, comentario, nota_didatica, nota_material_de_apoio, nota_relevancia_do_conteudo, nota_infraestutura) VALUES (5, 10, 10, 'Maiores inventore sed quos modi dolor.', 7, 8, 1, 6);
INSERT INTO avaliacao (id, aluno_id, disciplina_id, comentario, nota_didatica, nota_material_de_apoio, nota_relevancia_do_conteudo, nota_infraestutura) VALUES (6, 5, 7, 'Ullam provident enim libero dolorem aliquam.', 7, 1, 6, 6);
INSERT INTO avaliacao (id, aluno_id, disciplina_id, comentario, nota_didatica, nota_material_de_apoio, nota_relevancia_do_conteudo, nota_infraestutura) VALUES (7, 9, 7, 'Exercitationem quia voluptates molestiae officia.', 7, 0, 3, 2);
INSERT INTO avaliacao (id, aluno_id, disciplina_id, comentario, nota_didatica, nota_material_de_apoio, nota_relevancia_do_conteudo, nota_infraestutura) VALUES (8, 6, 4, 'Quam repellat molestias minus voluptas molestias quos.', 3, 0, 3, 1);
INSERT INTO avaliacao (id, aluno_id, disciplina_id, comentario, nota_didatica, nota_material_de_apoio, nota_relevancia_do_conteudo, nota_infraestutura) VALUES (9, 8, 6, 'Ducimus deserunt aliquid.', 5, 5, 4, 2);
INSERT INTO avaliacao (id, aluno_id, disciplina_id, comentario, nota_didatica, nota_material_de_apoio, nota_relevancia_do_conteudo, nota_infraestutura) VALUES (10, 4, 6, 'Odio necessitatibus itaque temporibus.', 7, 8, 10, 9);
INSERT INTO matricula (id_matricula, id_aluno, data_efetivacao, status_matricula, bolsa_ou_desconto, data_limite) VALUES (1, 1, '2023-05-30', 'Concluida', 597.26, '2021-09-10');
INSERT INTO matricula (id_matricula, id_aluno, data_efetivacao, status_matricula, bolsa_ou_desconto, data_limite) VALUES (2, 10, '2021-12-14', 'Cancelada', 469.48, '2021-08-19');
INSERT INTO matricula (id_matricula, id_aluno, data_efetivacao, status_matricula, bolsa_ou_desconto, data_limite) VALUES (3, 3, '2020-09-10', 'Cancelada', 237.49, '2020-04-11');
INSERT INTO matricula (id_matricula, id_aluno, data_efetivacao, status_matricula, bolsa_ou_desconto, data_limite) VALUES (4, 4, '2022-06-24', 'Reprovada', 498.48, '2021-11-09');
INSERT INTO matricula (id_matricula, id_aluno, data_efetivacao, status_matricula, bolsa_ou_desconto, data_limite) VALUES (5, 7, '2022-09-03', 'Cancelada', 377.47, '2021-02-10');
INSERT INTO matricula (id_matricula, id_aluno, data_efetivacao, status_matricula, bolsa_ou_desconto, data_limite) VALUES (6, 6, '2023-12-13', 'Trancada', 625.72, '2023-10-22');
INSERT INTO matricula (id_matricula, id_aluno, data_efetivacao, status_matricula, bolsa_ou_desconto, data_limite) VALUES (7, 10, '2020-09-30', 'Reprovada', 91.97, '2022-08-06');
INSERT INTO matricula (id_matricula, id_aluno, data_efetivacao, status_matricula, bolsa_ou_desconto, data_limite) VALUES (8, 9, '2021-09-23', 'Reprovada', 517.84, '2022-12-16');
INSERT INTO matricula (id_matricula, id_aluno, data_efetivacao, status_matricula, bolsa_ou_desconto, data_limite) VALUES (9, 5, '2023-11-09', 'Concluida', 918.38, '2025-04-28');
INSERT INTO matricula (id_matricula, id_aluno, data_efetivacao, status_matricula, bolsa_ou_desconto, data_limite) VALUES (10, 6, '2024-07-07', 'Reprovada', 792.19, '2022-01-15');
INSERT INTO matricula_turma (id_matricula, id_disciplina) VALUES (2, 3);
INSERT INTO matricula_turma (id_matricula, id_disciplina) VALUES (4, 10);
INSERT INTO matricula_turma (id_matricula, id_disciplina) VALUES (6, 2);
INSERT INTO matricula_turma (id_matricula, id_disciplina) VALUES (9, 9);
INSERT INTO matricula_turma (id_matricula, id_disciplina) VALUES (3, 8);
INSERT INTO matricula_turma (id_matricula, id_disciplina) VALUES (7, 1);
INSERT INTO matricula_turma (id_matricula, id_disciplina) VALUES (7, 9);
INSERT INTO matricula_turma (id_matricula, id_disciplina) VALUES (4, 9);
INSERT INTO matricula_turma (id_matricula, id_disciplina) VALUES (9, 6);
INSERT INTO matricula_turma (id_matricula, id_disciplina) VALUES (4, 5);
INSERT INTO notas (disciplina_id, matricula_id, nota) VALUES (8, 6, 2.39);
INSERT INTO notas (disciplina_id, matricula_id, nota) VALUES (2, 10, 8.57);
INSERT INTO notas (disciplina_id, matricula_id, nota) VALUES (7, 8, 3.01);
INSERT INTO notas (disciplina_id, matricula_id, nota) VALUES (10, 5, 3.09);
INSERT INTO notas (disciplina_id, matricula_id, nota) VALUES (10, 2, 1.82);
INSERT INTO notas (disciplina_id, matricula_id, nota) VALUES (4, 2, 3.96);
INSERT INTO notas (disciplina_id, matricula_id, nota) VALUES (1, 5, 5.78);
INSERT INTO notas (disciplina_id, matricula_id, nota) VALUES (9, 7, 5.82);
INSERT INTO notas (disciplina_id, matricula_id, nota) VALUES (8, 5, 0.19);
INSERT INTO notas (disciplina_id, matricula_id, nota) VALUES (2, 4, 1.1);
INSERT INTO regras (id, descricao) VALUES (1, 'Maxime saepe sequi est aspernatur.');
INSERT INTO regras (id, descricao) VALUES (2, 'Suscipit laborum odio soluta nesciunt fuga eius.');
INSERT INTO regras (id, descricao) VALUES (3, 'Ullam eaque molestiae.');
INSERT INTO regras (id, descricao) VALUES (4, 'Quibusdam ut sint.');
INSERT INTO regras (id, descricao) VALUES (5, 'Odit dolor perferendis vero ea.');
INSERT INTO regras (id, descricao) VALUES (6, 'Voluptate iste dicta dolores et.');
INSERT INTO regras (id, descricao) VALUES (7, 'Provident perspiciatis fugiat perspiciatis hic.');
INSERT INTO regras (id, descricao) VALUES (8, 'Aut tempore recusandae porro soluta dolore.');
INSERT INTO regras (id, descricao) VALUES (9, 'Iure ex beatae commodi cupiditate asperiores explicabo tempora.');
INSERT INTO regras (id, descricao) VALUES (10, 'Magnam doloremque delectus.');
INSERT INTO regras_curso (id_regra, codigo_curso) VALUES (1, 10);
INSERT INTO regras_curso (id_regra, codigo_curso) VALUES (7, 4);
INSERT INTO regras_curso (id_regra, codigo_curso) VALUES (10, 9);
INSERT INTO regras_curso (id_regra, codigo_curso) VALUES (1, 7);
INSERT INTO regras_curso (id_regra, codigo_curso) VALUES (9, 8);
INSERT INTO regras_curso (id_regra, codigo_curso) VALUES (7, 1);
INSERT INTO regras_curso (id_regra, codigo_curso) VALUES (7, 6);
INSERT INTO regras_curso (id_regra, codigo_curso) VALUES (10, 10);
INSERT INTO regras_curso (id_regra, codigo_curso) VALUES (5, 7);
INSERT INTO regras_curso (id_regra, codigo_curso) VALUES (7, 4);
INSERT INTO infraestrutura (id, descricao) VALUES (1, 'sed');
INSERT INTO infraestrutura (id, descricao) VALUES (2, 'similique');
INSERT INTO infraestrutura (id, descricao) VALUES (3, 'optio');
INSERT INTO infraestrutura (id, descricao) VALUES (4, 'totam');
INSERT INTO infraestrutura (id, descricao) VALUES (5, 'rem');
INSERT INTO infraestrutura (id, descricao) VALUES (6, 'enim');
INSERT INTO infraestrutura (id, descricao) VALUES (7, 'possimus');
INSERT INTO infraestrutura (id, descricao) VALUES (8, 'nostrum');
INSERT INTO infraestrutura (id, descricao) VALUES (9, 'deleniti');
INSERT INTO infraestrutura (id, descricao) VALUES (10, 'accusamus');
INSERT INTO curso_requer_infraestrutura (id_curso, id_infraestrutura) VALUES (9, 3);
INSERT INTO curso_requer_infraestrutura (id_curso, id_infraestrutura) VALUES (3, 7);
INSERT INTO curso_requer_infraestrutura (id_curso, id_infraestrutura) VALUES (4, 8);
INSERT INTO curso_requer_infraestrutura (id_curso, id_infraestrutura) VALUES (10, 9);
INSERT INTO curso_requer_infraestrutura (id_curso, id_infraestrutura) VALUES (1, 10);
INSERT INTO curso_requer_infraestrutura (id_curso, id_infraestrutura) VALUES (3, 10);
INSERT INTO curso_requer_infraestrutura (id_curso, id_infraestrutura) VALUES (10, 3);
INSERT INTO curso_requer_infraestrutura (id_curso, id_infraestrutura) VALUES (9, 5);
INSERT INTO curso_requer_infraestrutura (id_curso, id_infraestrutura) VALUES (4, 1);
INSERT INTO curso_requer_infraestrutura (id_curso, id_infraestrutura) VALUES (10, 5);
